{"record1":96.56517028808594,"record2":340.6438903808594,"record3":0.0,"deads1":3,"deads2":3,"deads3":0,"kills1":23,"kills2":23,"kills3":0}